<?xml version="1.0" encoding="UTF-8"?>
<treebank xmlns:saxon="http://saxon.sf.net/"
          xml:lang="grc"
          format="aldt"
          direction="ltr"
          version="1.5">
   <date>2022-08-11 19:55:16 UTC</date>
   <annotator>
      <short/>
      <name/>
      <address/>
      <uri>https://services.perseids.org/llt/segtok</uri>
  </annotator>
   <annotator>
      <short/>
      <name/>
      <address/>
      <uri>http://github.com/latin-language-toolkit/arethusa</uri>
  </annotator>
   <annotator>
      <short>celeste</short>
      <name>maria celeste consolin dezotti</name>
      <address>mceleste.cd@gmail.com</address>
      <uri>http://data.perseus.org/sosol/users/celeste</uri>
  </annotator>
   <sentence id="1"
             document_id="urn:cts:greekLit:tlg0096.tlg002.First1K-grc1"
             subdoc="54-54"
             span="">
      <word id="1" form="Νυκτὸς" lemma="νύξ" postag="n-s---fg-" relation="SBJ" head="2"/>
      <word id="2" form="μεσούσης" lemma="μεσόω" postag="v-sppafg-" relation="ADV" head="3"/>
      <word id="3" form="ᾖδε" lemma="ἀείδω" postag="v3siia---" relation="PRED" head="0"/>
      <word id="4" form="παῖς" lemma="παῖς" postag="n-s---mn-" relation="SBJ" head="3"/>
      <word id="5" form="τις" lemma="τις" postag="p-s---mn-" relation="ATR" head="4"/>
      <word id="6" form="εὐφώνως" lemma="εὐφώνως" postag="d-------_" relation="ADV" head="3"/>
      <word id="7" form="·" lemma="punc1" postag="u--------" relation="AuxK" head="0"/>
   </sentence>
   <sentence id="2"
             document_id="urn:cts:greekLit:tlg0096.tlg002.First1K-grc1"
             subdoc="54-54"
             span="">
      <word id="1" form="γυνὴ" lemma="γυνή" postag="n-s---fn-" relation="SBJ" head="3"/>
      <word id="2" form="δʼ" lemma="δέ" postag="c--------" relation="AuxY" head="3"/>
      <word id="3" form="ἀκούει" lemma="ἀκούω" postag="v3spia---" relation="PRED_CO" head="32"/>
      <word id="4" form="τοῦδε" lemma="ὅδε" postag="p-s---mg-" relation="OBJ" head="3"/>
      <word id="5" form="," lemma="punc1" postag="u--------" relation="AuxX" head="0"/>
      <word id="6" form="κ-" lemma="καί" postag="c--------" relation="AuxY" head="9"/>
      <word id="7" form="ἀξαναστᾶσα" lemma="ἐξανίστημι" postag="v-sapafn_" relation="ADV" head="9"/>
      <word id="8" form="θυρίδων" lemma="θυρίς" postag="n-p---fg-" relation="OBJ" head="9"/>
      <word id="9" form="προκύπτει" lemma="προκύπτω" postag="v3spia---" relation="PRED_CO" head="32"/>
      <word id="10" form="," lemma="punc1" postag="u--------" relation="AuxX" head="0"/>
      <word id="11" form="καὶ" lemma="καί" postag="c--------" relation="AuxY" head="30"/>
      <word id="12" form="βλέπουσα" lemma="βλέπω" postag="v-sppafn-" relation="ADV" head="30"/>
      <word id="13" form="τὸν" lemma="ὁ" postag="l-s---ma-" relation="ATR" head="14"/>
      <word id="14" form="παῖδα" lemma="παῖς" postag="n-s---ma-" relation="OBJ" head="12"/>
      <word id="15" form="λαμπρᾶς" lemma="λαμπρός" postag="a-s---fg-" relation="ATR" head="16"/>
      <word id="16" form="σελήνης" lemma="σελήνη" postag="n-s---fg-" relation="ATR" head="18"/>
      <word id="17" form="ἐν" lemma="ἐν" postag="r--------" relation="AuxP" head="12"/>
      <word id="18" form="φάει" lemma="φάος" postag="n-s---nd-" relation="ADV" head="17"/>
      <word id="19" form="καλὸν" lemma="καλός" postag="a-s---ma-" relation="OCOMP" head="12"/>
      <word id="20" form="λίην" lemma="λίαν" postag="d--------" relation="ADV" head="19"/>
      <word id="21" form="," lemma="punc1" postag="u--------" relation="AuxX" head="0"/>
      <word id="22" form="τὸν" lemma="ὁ" postag="l-s---ma-" relation="ATR" head="23"/>
      <word id="23" form="ἄνδρʼ" lemma="ἀνήρ" postag="n-s---ma-" relation="OBJ" head="25"/>
      <word id="24" form="ἑαυτῆς" lemma="ἑαυτοῦ" postag="p-s---fg-" relation="ATR" head="23"/>
      <word id="25" form="καταλιποῦσα" lemma="καταλείπω" postag="v-sapafn_" relation="ADV" head="30"/>
      <word id="26" form="κοιμᾶσθαι" lemma="κοιμάω" postag="v--pne---" relation="ATR" head="23"/>
      <word id="27" form="," lemma="punc1" postag="u--------" relation="AuxX" head="0"/>
      <word id="28" form="κάτω" lemma="κάτω" postag="d--------" relation="AuxP" head="30"/>
      <word id="29" form="μελάθρων" lemma="μέλαθρον" postag="n-p---ng-" relation="ADV" head="28"/>
      <word id="30" form="ἦλθε" lemma="ἔρχομαι" postag="v3saia---" relation="PRED_CO" head="32"/>
      <word id="31" form="," lemma="punc1" postag="u--------" relation="AuxX" head="0"/>
      <word id="32" form="καὶ" lemma="καί" postag="c--------" relation="COORD" head="0"/>
      <word id="33" form="θύρης" lemma="θύρα" postag="n-s---fg-" relation="ADV" head="34"/>
      <word id="34" form="ἔξω" lemma="ἔξω" postag="d--------" relation="AuxP" head="35"/>
      <word id="35" form="ἐλθοῦσ’" lemma="ἔρχομαι" postag="v-sapafn_" relation="ADV" head="36"/>
      <word id="36" form="ἐποίει" lemma="ποιέω" postag="v3siia---" relation="PRED_CO" head="32"/>
      <word id="37" form="τὴν" lemma="ὁ" postag="l-s---fa-" relation="ATR" head="38"/>
      <word id="38" form="προθυμίην" lemma="προθυμία" postag="n-s---fa-" relation="OBJ" head="36"/>
      <word id="39" form="πλήρη" lemma="πλήρης" postag="a-d---fa-" relation="OCOMP" head="36"/>
      <word id="40" form="." lemma="punc1" postag="u--------" relation="AuxK" head="0"/>
   </sentence>
   <sentence id="3"
             document_id="urn:cts:greekLit:tlg0096.tlg002.First1K-grc1"
             subdoc="54-54"
             span="">
      <word id="1" form="ἁνὴρ" lemma="ἀνήρ" postag="n-s---mn-" relation="SBJ" head="4"/>
      <word id="2" form="δὲ" lemma="δὲ" postag="c--------" relation="AuxY" head="11"/>
      <word id="3" form="ταύτης" lemma="οὗτος" postag="p-s---fg-" relation="ATR" head="1"/>
      <word id="4" form="ἐξανίστατʼ" lemma="ἐξανίστημι" postag="v3spim---" relation="PRED_CO" head="11"/>
      <word id="5" form="ἐξαίφνης" lemma="ἐξαίφνης" postag="d--------" relation="ADV" head="4"/>
      <word id="6" form="," lemma="punc1" postag="u--------" relation="AuxX" head="0"/>
      <word id="7" form="ζητῶν" lemma="ζητέω" postag="v-sppamn-" relation="ADV" head="4"/>
      <word id="8" form="ὅποὐ" lemma="ὅπου" postag="d-------_" relation="ADV" head="9"/>
      <word id="9" form="-στί" lemma="εἰμί" postag="v3spia---" relation="OBJ" head="7"/>
      <word id="10" form="," lemma="punc1" postag="u--------" relation="AuxX" head="0"/>
      <word id="11" form="κ-" lemma="καί" postag="c--------" relation="COORD" head="0"/>
      <word id="12" form="οὐκ" lemma="οὐ" postag="d--------" relation="AuxZ" head="13"/>
      <word id="13" form="ἰδὼν" lemma="εἶδον" postag="v-sapamn-" relation="ADV_CO" head="17"/>
      <word id="14" form="δόμων" lemma="δόμος" postag="n-p---mg-" relation="ATR" head="15"/>
      <word id="15" form="εἴσω" lemma="εἴσω" postag="d--------" relation="ADV" head="13"/>
      <word id="16" form="ἀμηχανῶν" lemma="ἀμηχανάω" postag="v-sppamn-" relation="ADV_CO" head="17"/>
      <word id="17" form="τε" lemma="τε" postag="d--------" relation="COORD" head="20"/>
      <word id="18" form="κ-" lemma="καί" postag="c--------" relation="AuxZ" head="19"/>
      <word id="19" form="αὐτὸς" lemma="" postag="" relation="SBJ" head="20"/>
      <word id="20" form="ἦλθεν" lemma="ἔρχομαι" postag="v3saia---" relation="PRED_CO" head="11"/>
      <word id="21" form="εἰς" lemma="εἰς" postag="r--------" relation="AuxP" head="20"/>
      <word id="22" form="οἶμον" lemma="οἶμος" postag="n-s---fa-" relation="OBJ" head="21"/>
      <word id="23" form="·" lemma="punc1" postag="u--------" relation="AuxK" head="0"/>
   </sentence>
   <sentence id="4"
             document_id="urn:cts:greekLit:tlg0096.tlg002.First1K-grc1"
             subdoc="54-54"
             span="">
      <word id="1" form="καὶ" lemma="καί" postag="c--------" relation="COORD" head="0"/>
      <word id="2" form="τῇ" lemma="ὁ" postag="l-s---fd-" relation="ATR" head="3"/>
      <word id="3" form="συνεύνῳ" lemma="σύνευνος" postag="n-s---fd-" relation="OBJ" head="4"/>
      <word id="4" form="φησί" lemma="φημί" postag="v3spia---" relation="PRED_CO" head="1"/>
      <word id="5" form="·" lemma="punc1" postag="u--------" relation="AuxK" head="0"/>
   </sentence>
   <sentence id="5"
             document_id="urn:cts:greekLit:tlg0096.tlg002.First1K-grc1"
             subdoc="54-54"
             span="">
      <word id="1" form="&#34;" lemma="punc1" postag="u--------" relation="AuxX" head="0"/>
      <word id="2" form="μηδὲν" lemma="μηδείς" postag="p-s---na-" relation="ADV" head="3"/>
      <word id="3" form="ἐκπλήσσου" lemma="ἐκπλήσσω" postag="v2spme---" relation="PRED_CO" head="7"/>
      <word id="4" form="," lemma="punc1" postag="u--------" relation="AuxX" head="0"/>
      <word id="5" form="τὸν" lemma="ὁ" postag="l-s---ma-" relation="ATR" head="6"/>
      <word id="6" form="παῖδα" lemma="παῖς" postag="n-s---ma-" relation="OBJ" head="9"/>
      <word id="7" form="δʼ" lemma="δέ" postag="c--------" relation="COORD" head="0"/>
      <word id="8" form="ἡμῶν" lemma="ἐγώ" postag="p1p---mg-" relation="ATR" head="11"/>
      <word id="9" form="πεῖσον" lemma="πείθω" postag="v2sama---" relation="PRED_CO" head="7"/>
      <word id="10" form="εἰς" lemma="εἰς" postag="r--------" relation="AuxP" head="12"/>
      <word id="11" form="δόμους" lemma="δόμος" postag="n-p---ma-" relation="ADV" head="10"/>
      <word id="12" form="εὕδειν" lemma="εὕδω" postag="v--pna---" relation="OBJ" head="9"/>
      <word id="13" form="&#34;" lemma="punc1" postag="u--------" relation="AuxX" head="0"/>
      <word id="14" form="." lemma="punc1" postag="u--------" relation="AuxK" head="0"/>
   </sentence>
   <sentence id="6"
             document_id="urn:cts:greekLit:tlg0096.tlg002.First1K-grc1"
             subdoc="54-54"
             span="">
      <word id="1" form="ὃν" lemma="ὅς" postag="p-s---ma-" relation="OBJ" head="3"/>
      <word id="2" form="καὶ" lemma="καί" postag="c--------" relation="COORD" head="0"/>
      <word id="3" form="λαβὼν" lemma="λαμβάνω" postag="v-sapamn-" relation="ADV" head="4"/>
      <word id="4" form="παρῆγεν" lemma="παράγω" postag="v3siia---" relation="PRED_CO" head="2"/>
      <word id="5" form="." lemma="punc1" postag="u--------" relation="AuxK" head="0"/>
   </sentence>
   <sentence id="7"
             document_id="urn:cts:greekLit:tlg0096.tlg002.First1K-grc1"
             subdoc="54-54"
             span="">
      <word id="1" form="εἶτα" lemma="εἶτα" postag="d--------" relation="AuxY" head="2"/>
      <word id="2" form="κ-" lemma="καί" postag="d-------_" relation="COORD" head="0"/>
      <word id="3" form="ἀκεῖνος" lemma="ἐκεῖνος" postag="p-s---mn-" relation="SBJ" head="12"/>
      <word id="4" form="," lemma="punc1" postag="u--------" relation="AuxX" head="0"/>
      <word id="5" form="ἄμφω" lemma="ἄμφω" postag="a-d---mg_" relation="SBJ" head="6"/>
      <word id="6" form="θελόντων" lemma="ἐθέλω" postag="v-pppamg-" relation="ADV" head="12"/>
      <word id="7" form="δρᾶν" lemma="δράω" postag="v--pna---" relation="OBJ" head="6"/>
      <word id="8" form="τι" lemma="τις" postag="p-s---na-" relation="OBJ" head="7"/>
      <word id="9" form="," lemma="punc1" postag="u--------" relation="AuxX" head="0"/>
      <word id="10" form="χ-" lemma="καί" postag="c--------" relation="AuxZ" head="12"/>
      <word id="11" form="ἥδʼ" lemma="ἥδη" postag="d-------_" relation="ADV" head="12"/>
      <word id="12" form="ἐρᾳθύμει" lemma="ῥᾳθυμέω" postag="v3siia---" relation="PRED_CO" head="2"/>
      <word id="13" form="." lemma="punc1" postag="u--------" relation="AuxK" head="0"/>
   </sentence>
   <sentence id="8"
             document_id="urn:cts:greekLit:tlg0096.tlg002.First1K-grc1"
             subdoc="54-54"
             span="">
      <word id="1" form="Τουτὶ" lemma="οὗτος" postag="p-s---nn-" relation="SBJ" head="5"/>
      <word id="2" form="μὲν" lemma="μέν" postag="d--------" relation="AuxY" head="5"/>
      <word id="3" form="οὕτως" lemma="οὕτως" postag="d--------" relation="ADV" head="5"/>
      <word id="4" form="·" lemma="punc1" postag="u--------" relation="AuxK" head="0"/>
      <word id="5" insertion_id="0003e" artificial="elliptic" relation="PRED" lemma="γίγνομαι" postag="v3saim---" form="ἐγένετο" head="0"/>
   </sentence>
   <sentence id="9"
             document_id="urn:cts:greekLit:tlg0096.tlg002.First1K-grc1"
             subdoc="54-54"
             span="">
      <word id="1" form="ἔμφασις" lemma="ἔμφασις" postag="n-s---fn-" relation="SBJ" head="15"/>
      <word id="2" form="δὲ" lemma="δὲ" postag="c--------" relation="COORD" head="0"/>
      <word id="3" form="τοῦ" lemma="ὁ" postag="l-s---mg-" relation="ATR" head="4"/>
      <word id="4" form="μύθου" lemma="μῦθος" postag="n-s---mg-" relation="ATR" head="1"/>
      <word id="5" form="," lemma="punc1" postag="u--------" relation="AuxX" head="0"/>
      <word id="6" form="κακόν" lemma="κακός" postag="a-s---nn-" relation="PNOM" head="7"/>
      <word id="7" form="ἐστι" lemma="εἰμί" postag="v3spia---" relation="PNOM" head="15"/>
      <word id="8" form="χαίρειν" lemma="χαίρω" postag="v--pna---" relation="SBJ" head="7"/>
      <word id="9" form="," lemma="punc1" postag="u--------" relation="AuxX" head="0"/>
      <word id="10" form="ὅταν" lemma="ὅταν" postag="c--------" relation="AuxC" head="7"/>
      <word id="11" form="ἔχῃ" lemma="ἔχω" postag="v3spsa---" relation="ADV" head="10"/>
      <word id="12" form="τις" lemma="τις" postag="p-s---mn-" relation="SBJ" head="11"/>
      <word id="13" form="ἐκτῖσαι" lemma="ἐκτίνω" postag="v--ana---" relation="OBJ" head="11"/>
      <word id="14" form="." lemma="punc1" postag="u--------" relation="AuxK" head="0"/>
      <word id="15" insertion_id="0004e" artificial="elliptic" relation="PRED_CO" lemma="εἰμί" postag="v3spia---" form="ἐστί" head="2"/>
   </sentence>
</treebank>
