<?xml version="1.0" encoding="UTF-8"?>
<treebank xmlns:saxon="http://saxon.sf.net/"
          xml:lang="grc"
          format="aldt"
          direction="ltr"
          version="1.5">
   <date>2022-07-14 19:02:04 UTC</date>
   <annotator>
      <short/>
      <name/>
      <address/>
      <uri>https://services.perseids.org/llt/segtok</uri>
  </annotator>
   <annotator>
      <short/>
      <name/>
      <address/>
      <uri>http://github.com/latin-language-toolkit/arethusa</uri>
  </annotator>
   <annotator>
      <short>celeste</short>
      <name>maria celeste consolin dezotti</name>
      <address>mceleste.cd@gmail.com</address>
      <uri>http://data.perseus.org/sosol/users/celeste</uri>
  </annotator>
   <sentence id="1"
             document_id="urn:cts:greekLit:tlg0096.tlg002.First1K-grc1"
             subdoc="52-52"
             span="">
      <word id="1" form="Ἔχων" lemma="ἔχω" postag="v-sppamn-" relation="ATR" head="2"/>
      <word id="2" form="τις" lemma="τις" postag="p-s---mn-" relation="SBJ" head="13"/>
      <word id="3" form="γυναῖκα" lemma="γυνή" postag="n-s---fa-" relation="OBJ" head="1"/>
      <word id="4" form="πρὸς" lemma="πρός" postag="r--------" relation="AuxP" head="12"/>
      <word id="5" form="πάντας" lemma="πᾶς" postag="a-p---ma-" relation="OBJ" head="4"/>
      <word id="6" form="τοὺς" lemma="ὁ" postag="l-p---ma-" relation="ATR" head="5"/>
      <word id="7" form="κατʼ" lemma="κατά" postag="r--------" relation="AuxP" head="5"/>
      <word id="8" form="οἶκον" lemma="οἶκος" postag="n-s---ma-" relation="ATR" head="7"/>
      <word id="9" form="λίαν" lemma="λίαν" postag="d--------" relation="AuxZ" head="12"/>
      <word id="10" form="τὸ" lemma="ὁ" postag="l-s---na-" relation="ATR" head="11"/>
      <word id="11" form="ἦθος" lemma="ἦθος" postag="n-s---na-" relation="ATR" head="12"/>
      <word id="12" form="ἀργαλέαν" lemma="ἀργαλέος" postag="a-s---fa-" relation="ATR" head="3"/>
      <word id="13" form="ἠβουλήθη" lemma="βούλομαι" postag="v3saip---" relation="PRED" head="0"/>
      <word id="14" form="γνῶναι" lemma="γιγνώσκω" postag="v--ana---" relation="OBJ" head="13"/>
      <word id="15" form="," lemma="punc1" postag="u--------" relation="AuxX" head="0"/>
      <word id="16" form="εἰ" lemma="εἰ" postag="c--------" relation="AuxC" head="14"/>
      <word id="17" form="καὶ" lemma="καί" postag="d-------_" relation="AuxZ" gloss="" head="21"/>
      <word id="18" form="πρὸς" lemma="πρός" postag="r--------" relation="AuxP" head="23"/>
      <word id="19" form="τοὺς" lemma="ὁ" postag="l-p---ma-" relation="ATR" head="21"/>
      <word id="20" form="πατρῴους" lemma="πατρῷος" postag="a-p---ma-" relation="ATR" head="21"/>
      <word id="21" form="οἰκέτας" lemma="οἰκέτης" postag="n-p---ma-" relation="OBJ" head="18"/>
      <word id="22" form="ὁμοίως" lemma="ὁμοίως" postag="d-------_" relation="ADV" head="23"/>
      <word id="23" form="διάκειται" lemma="διάκειμαι" postag="v3spie---" relation="OBJ" head="16"/>
      <word id="24" form="·" lemma="punc1" postag="u--------" relation="AuxK" head="0"/>
   </sentence>
   <sentence id="2"
             document_id="urn:cts:greekLit:tlg0096.tlg002.First1K-grc1"
             subdoc="52-52"
             span="">
      <word id="1" form="ὅθεν" lemma="ὅθεν" postag="d--------" relation="AuxY" head="9"/>
      <word id="2" form="μετὰ" lemma="μετά" postag="r--------" relation="AuxP" head="9"/>
      <word id="3" form="προφάσεως" lemma="πρόφασις" postag="n-s---fg-" relation="ADV" head="2"/>
      <word id="4" form="εὐλόγου" lemma="εὔλογος" postag="a-s---fg-" relation="ATR" head="3"/>
      <word id="5" form="πρὸς" lemma="πρός" postag="r--------" relation="AuxP" head="9"/>
      <word id="6" form="τὸν" lemma="ὁ" postag="l-s---ma-" relation="ATR" head="7"/>
      <word id="7" form="πατέρα" lemma="πατήρ" postag="n-s---ma-" relation="OBJ" head="5"/>
      <word id="8" form="αὐτὴν" lemma="αὐτός" postag="p-s---fa-" relation="OBJ" head="9"/>
      <word id="9" form="ἔπεμψε" lemma="πέμπω" postag="v3saia---" relation="PRED" head="0"/>
      <word id="10" form="." lemma="punc1" postag="u--------" relation="AuxK" head="0"/>
   </sentence>
   <sentence id="3"
             document_id="urn:cts:greekLit:tlg0096.tlg002.First1K-grc1"
             subdoc="52-52"
             span="">
      <word id="1" form="Μετὰ" lemma="μετά" postag="r--------" relation="AuxP" head="5"/>
      <word id="2" form="δὲ" lemma="δὲ" postag="c--------" relation="COORD" head="0"/>
      <word id="3" form="ὀλίγας" lemma="ὀλίγος" postag="a-p---fa-" relation="ATR" head="4"/>
      <word id="4" form="ἡμέρας" lemma="ἡμέρα" postag="n-p---fa-" relation="ADV" head="1"/>
      <word id="5" form="ἀνελθούσης" lemma="ἀνέρχομαι" postag="v-sapafg-" relation="ADV" head="7"/>
      <word id="6" form="αὐτῆς" lemma="αὐτός" postag="p-s---fg-" relation="SBJ" head="5"/>
      <word id="7" form="ἐπυνθάνετο" lemma="πυνθάνομαι" postag="v3siie---" relation="PRED_CO" head="2"/>
      <word id="8" form="," lemma="punc1" postag="u--------" relation="AuxX" head="0"/>
      <word id="9" form="πῶς" lemma="πῶς2" postag="d--------" relation="ADV" head="13"/>
      <word id="10" form="αὐτὴν" lemma="αὐτός" postag="p-s---fa-" relation="OBJ" head="13"/>
      <word id="11" form="οἱ" lemma="ὁ" postag="l-p---mn-" relation="ATR" head="12"/>
      <word id="12" form="οἰκεῖοι" lemma="οἰκεῖος" postag="a-p---mn-" relation="SBJ" head="13"/>
      <word id="13" form="προσεδέξαντο" lemma="προσδέχομαι" postag="v3paim---" relation="OBJ" head="7"/>
      <word id="14" form=";" lemma="punc1" postag="u--------" relation="AuxK" head="2"/>
   </sentence>
   <sentence id="4"
             document_id="urn:cts:greekLit:tlg0096.tlg002.First1K-grc1"
             subdoc="52-52"
             span="">
      <word id="1" form="Τῆς" lemma="ὁ" postag="l-s---fg-" relation="SBJ" head="3"/>
      <word id="2" form="δὲ" lemma="δὲ" postag="c--------" relation="COORD" head="0"/>
      <word id="3" form="εἰπούσης" lemma="εἶπον" postag="v-sapafg-" relation="PRED" head="2"/>
      <word id="4" form="·" lemma="punc1" postag="u--------" relation="AuxK" head="3"/>
      <word id="5" form=",," lemma="punc1" postag="u--------" relation="AuxG" head="12"/>
      <word id="6" form="οἱ" lemma="ὁ" postag="l-p---mn-" relation="ATR" head="7"/>
      <word id="7" form="βουκόλοι" lemma="βουκόλος" postag="n-p---mn-" relation="SBJ" head="8"/>
      <word id="8" form="καὶ" lemma="καί" postag="c--------" relation="COORD" head="12"/>
      <word id="9" form="οἱ" lemma="ὁ" postag="l-p---mn-" relation="ATR" head="10"/>
      <word id="10" form="ποιμένες" lemma="ποιμήν" postag="n-p---mn-" relation="SBJ" head="8"/>
      <word id="11" form="με" lemma="ἐγώ" postag="p1s---fa-" relation="OBJ" head=""/>
      <word id="12" form="ὑπεβλέποντο" lemma="ὑποβλέπω" postag="v3piie---" relation="OBJ" head="3"/>
      <word id="13" form="“" lemma="" postag="" relation="AuxG" head="12"/>
      <word id="14" form="," lemma="punc1" postag="u--------" relation="AuxX" head="3"/>
   </sentence>
   <sentence id="5"
             document_id="urn:cts:greekLit:tlg0096.tlg002.First1K-grc1"
             subdoc="52-52"
             span="">
      <word id="1" form="ἔφη" lemma="φημί" postag="v3siia---" relation="PRED" head="0"/>
      <word id="2" form="πρὸς" lemma="πρός" postag="r--------" relation="AuxP" head="1"/>
      <word id="3" form="αὐτήν" lemma="αὐτός" postag="p-s---fa-" relation="OBJ" head="2"/>
      <word id="4" form="·" lemma="punc1" postag="u--------" relation="AuxK" head="1"/>
   </sentence>
   <sentence id="6"
             document_id="urn:cts:greekLit:tlg0096.tlg002.First1K-grc1"
             subdoc="52-52"
             span="">
      <word id="1" form=",," lemma="punc1" postag="u--------" relation="AuxG" head="22"/>
      <word id="2" form="ἀλλʼ" lemma="ἀλλά" postag="c--------" relation="AuxY" head="22"/>
      <word id="3" form="ὦ" lemma="ὦ" postag="i--------" relation="AuxZ" head="4"/>
      <word id="4" form="γύναι" lemma="γυνή" postag="n-s---fv-" relation="ExD" head="22"/>
      <word id="5" form="," lemma="punc1" postag="u--------" relation="AuxX" head="0"/>
      <word id="6" form="εἰ" lemma="εἰ" postag="c--------" relation="AuxC" head="22"/>
      <word id="7" form="τούτοις" lemma="οὗτος" postag="p-p---md-" relation="OBJ" head="8"/>
      <word id="8" form="ἀπήχθου" lemma="ἀπεχθάνομαι" postag="v2saim---" relation="ADV" head="6"/>
      <word id="9" form="," lemma="punc1" postag="u--------" relation="AuxX" head="0"/>
      <word id="10" form="οἳ" lemma="ὅς" postag="p-p---mn-" relation="SBJ" head="18"/>
      <word id="11" form="ὄρθρου" lemma="ὄρθρος" postag="n-s---mg-" relation="ADV" head="15"/>
      <word id="12" form="μὲν" lemma="μέν" postag="d--------" relation="AuxY" head="18"/>
      <word id="13" form="τὰς" lemma="ὁ" postag="l-p---fa-" relation="ATR" head="14"/>
      <word id="14" form="ποίμνας" lemma="ποίμνη" postag="n-p---fa-" relation="OBJ" head="15"/>
      <word id="15" form="ἐξελαύνουσιν" lemma="ἐξελαύνω" postag="v3ppia---" relation="ATR_CO" head="18"/>
      <word id="16" form="," lemma="punc1" postag="u--------" relation="AuxX" head="0"/>
      <word id="17" form="ὀψὲ" lemma="ὀψέ" postag="d--------" relation="ADV" head="19"/>
      <word id="18" form="δὲ" lemma="δὲ" postag="c--------" relation="COORD" head="7"/>
      <word id="19" form="εἰσίασι" lemma="εἴσειμι" postag="v3ppia---" relation="ATR_CO" head="18"/>
      <word id="20" form="," lemma="punc1" postag="u--------" relation="AuxX" head="0"/>
      <word id="21" form="τί" lemma="τις" postag="p-s---na-" relation="OBJ" head="23"/>
      <word id="22" form="χρὴ" lemma="χρή" postag="v3spia---" relation="PRED" head="0"/>
      <word id="23" form="προσδοκᾶν" lemma="προσδοκάω" postag="v--pna---" relation="SBJ" head="22"/>
      <word id="24" form="περὶ" lemma="περί" postag="r--------" relation="AuxP" head="23"/>
      <word id="25" form="τούτων" lemma="οὗτος" postag="p-p---mg-" relation="ATR" head="24"/>
      <word id="26" form="," lemma="punc1" postag="u--------" relation="AuxX" head="0"/>
      <word id="27" form="οἷς" lemma="ὅς" postag="p-p---md-" relation="OBJ" head="31"/>
      <word id="28" form="πᾶσαν" lemma="πᾶς" postag="a-s---fa-" relation="ATR" head="30"/>
      <word id="29" form="τὴν" lemma="ὁ" postag="l-s---fa-" relation="ATR" head="30"/>
      <word id="30" form="ἡμέραν" lemma="ἡμέρα" postag="n-s---fa-" relation="ADV" head="31"/>
      <word id="31" form="συνδιέτριβες" lemma="συνδιατρίβω" postag="v2siia---" relation="ATR" head="25"/>
      <word id="32" form="“" lemma="" postag="" relation="AuxG" head="22"/>
      <word id="33" form=";" lemma="punc1" postag="u--------" relation="AuxK" head="22"/>
   </sentence>
   <sentence id="7"
             document_id="urn:cts:greekLit:tlg0096.tlg002.First1K-grc1"
             subdoc="52-52"
             span="">
      <word id="1" form="Οὕτω" lemma="οὕτως" postag="d--------" relation="AuxY" head="14"/>
      <word id="2" form="πολλάκις" lemma="πολλάκις" postag="d--------" relation="ADV" head="14"/>
      <word id="3" form="ἐκ" lemma="ἐκ" postag="r--------" relation="AuxP" head="16"/>
      <word id="4" form="τῶν" lemma="ὁ" postag="l-p---ng-" relation="ATR" head="5"/>
      <word id="5" form="μικρῶν" lemma="μικρός" postag="a-p---ng-" relation="ADV" head="3"/>
      <word id="6" form="τὰ" lemma="ὁ" postag="l-p---nn-" relation="ATR" head="7"/>
      <word id="7" form="μεγάλα" lemma="μέγας" postag="a-p---nn-" relation="SBJ" head="16"/>
      <word id="8" form="καὶ" lemma="καί" postag="c--------" relation="COORD" head="0"/>
      <word id="9" form="ἐκ" lemma="ἐκ" postag="r--------" relation="AuxP" head="14"/>
      <word id="10" form="τῶν" lemma="ὁ" postag="l-p---ng-" relation="ATR" head="11"/>
      <word id="11" form="προδήλων" lemma="πρόδηλος" postag="a-p---ng-" relation="ADV" head="9"/>
      <word id="12" form="τὰ" lemma="ὁ" postag="l-p---nn-" relation="ATR" head="13"/>
      <word id="13" form="ἄδηλα" lemma="ἄδηλος" postag="a-p---nn-" relation="SBJ" head="14"/>
      <word id="14" form="γνωρίζονται" lemma="γνωρίζω" postag="v3ppie---" relation="PRED_CO" head="8"/>
      <word id="15" form="." lemma="punc1" postag="u--------" relation="AuxK" head="0"/>
      <word id="16" insertion_id="0007e" artificial="elliptic" relation="PRED_CO" lemma="γνωρίζω" postag="v3ppie---" form="γνωρίζονται" head="8"/>
   </sentence>
</treebank>
