<?xml version="1.0" encoding="UTF-8"?>
<treebank xmlns:saxon="http://saxon.sf.net/"
          xml:lang="grc"
          format="aldt"
          direction="ltr"
          version="1.5">
   <date>2022-09-29 12:42:43 UTC</date>
   <annotator>
      <short/>
      <name/>
      <address/>
      <uri>https://services.perseids.org/llt/segtok</uri>
  </annotator>
   <annotator>
      <short/>
      <name/>
      <address/>
      <uri>http://github.com/latin-language-toolkit/arethusa</uri>
  </annotator>
   <annotator>
      <short>celeste</short>
      <name>maria celeste consolin dezotti</name>
      <address>mceleste.cd@gmail.com</address>
      <uri>http://data.perseus.org/sosol/users/celeste</uri>
  </annotator>
   <sentence id="1"
             document_id="urn:cts:greekLit:tlg0096.tlg002.First1K-grc1"
             subdoc="12b"
             span="">
      <word id="1" form="Ἐν" lemma="ἐν" postag="r--------" relation="AuxP" head="8"/>
      <word id="2" form="σπηλαίῳ" lemma="σπήλαιον" postag="n-s---nd-" relation="OBJ" head="1"/>
      <word id="3" form="ἀοικήτῳ" lemma="ἀοίκητος" postag="a-s---nd-" relation="ATR" head="2"/>
      <word id="4" form="αἰγοβοσκὸς" lemma="αἰγοβοσκὸς" postag="n-s---mn-" relation="SBJ" head="8"/>
      <word id="5" form="ἐν" lemma="ἐν" postag="r--------" relation="AuxP" head="8"/>
      <word id="6" form="χειμῶνι" lemma="χειμών" postag="n-s---md-" relation="ADV" head="5"/>
      <word id="7" form="αἶγας" lemma="αἴξ" postag="n-p---fa-" relation="OBJ" head="8"/>
      <word id="8" form="ἤγαγεν" lemma="ἄγω" postag="v3saia---" relation="PRED" head="0"/>
      <word id="9" form="." lemma="punc1" postag="u--------" relation="AuxK" head="0"/>
   </sentence>
   <sentence id="2"
             document_id="urn:cts:greekLit:tlg0096.tlg002.First1K-grc1"
             subdoc="12b"
             span="">
      <word id="1" form="Εὗρεν" lemma="εὑρίσκω" postag="v3saia---" relation="PRED_CO" head="2"/>
      <word id="2" form="δὲ" lemma="δὲ" postag="c--------" relation="COORD" head="0"/>
      <word id="3" form="ἐκεῖ" lemma="ἐκεῖ" postag="d--------" relation="ADV" head="1"/>
      <word id="4" form="ἀγρίας" lemma="ἄγριος" postag="a-p---fa-" relation="ATR" head="5"/>
      <word id="5" form="αἶγας" lemma="αἴξ" postag="n-p---fa-" relation="OBJ_CO" head="6"/>
      <word id="6" form="καὶ" lemma="καί" postag="c--------" relation="COORD" head="1"/>
      <word id="7" form="τράγους" lemma="τράγος" postag="n-p---ma-" relation="OBJ_CO" head="6"/>
      <word id="8" form="," lemma="punc1" postag="u--------" relation="AuxX" head="0"/>
      <word id="9" form="πλείονας" lemma="πλείων" postag="a-p---mac" relation="ATV_CO" head="13"/>
      <word id="10" form="ὧν" lemma="ὅς" postag="p-p---mg-" relation="OBJ" head="11"/>
      <word id="11" form="εἶχεν" lemma="ἔχω" postag="v3siia---" relation="ADV" head="13"/>
      <word id="12" form="αὐτὸς" lemma="αὐτός" postag="p-s---mn-" relation="SBJ" head="11"/>
      <word id="13" form="καὶ" lemma="καί" postag="c--------" relation="COORD" head="6"/>
      <word id="14" form="μείζους" lemma="μέγας" postag="a-p---mac" relation="ATV_CO" head="13"/>
      <word id="15" form="." lemma="punc1" postag="u--------" relation="AuxK" head="0"/>
   </sentence>
   <sentence id="3"
             document_id="urn:cts:greekLit:tlg0096.tlg002.First1K-grc1"
             subdoc="12b"
             span="">
      <word id="1" form="Τὰς" lemma="ὁ" postag="l-p---fa-" relation="ATR" head="2"/>
      <word id="2" form="ἰδίας" lemma="ἴδιος" postag="a-p---fa-" relation="OBJ" head="4"/>
      <word id="3" form="δὲ" lemma="δὲ" postag="c--------" relation="COORD" head="0"/>
      <word id="4" form="ἀφεὶς" lemma="ἀφίημι" postag="v-sapamn-" relation="ADV" head="10"/>
      <word id="5" form="ἐπὶ" lemma="ἐπί" postag="r--------" relation="AuxP" head="4"/>
      <word id="6" form="ταῖς" lemma="ὁ" postag="l-p---fd-" relation="ATR" head="7"/>
      <word id="7" form="ἀγρίαις" lemma="ἄγριος" postag="a-p---fd-" relation="ADV" head="5"/>
      <word id="8" form="," lemma="punc1" postag="u--------" relation="AuxX" head="0"/>
      <word id="9" form="ταύτας" lemma="οὗτος" postag="p-p---fa-" relation="OBJ" head="10"/>
      <word id="10" form="ἔτρεφε" lemma="τρέφω" postag="v3siia---" relation="PRED_CO" head="3"/>
      <word id="11" form="τοῖς" lemma="ὁ" postag="l-p---nd-" relation="ATR" head="12"/>
      <word id="12" form="φύλλοις" lemma="φύλλον" postag="n-p---nd-" relation="ADV" head="10"/>
      <word id="13" form="." lemma="punc1" postag="u--------" relation="AuxK" head="0"/>
   </sentence>
   <sentence id="4"
             document_id="urn:cts:greekLit:tlg0096.tlg002.First1K-grc1"
             subdoc="12b"
             span="">
      <word id="1" form="Ὅτε" lemma="ὅτε" postag="c--------" relation="AuxC" head="16"/>
      <word id="2" form="δὲ" lemma="δὲ" postag="c--------" relation="COORD" head="0"/>
      <word id="3" form="εὐδία" lemma="εὐδία" postag="n-d---fn-" relation="SBJ" head="4"/>
      <word id="4" form="γέγονε" lemma="γίγνομαι" postag="v3sria---" relation="ADV" head="1"/>
      <word id="5" form="," lemma="punc1" postag="u--------" relation="AuxX" head="0"/>
      <word id="6" form="τὰς" lemma="ὁ" postag="l-p---fa-" relation="ATR" head="8"/>
      <word id="7" form="μὲν" lemma="μέν" postag="d--------" relation="AuxY" head="16"/>
      <word id="8" form="ἰδίας" lemma="ἴδιος" postag="a-p---fa-" relation="OBJ" head="9"/>
      <word id="9" form="εὗρε" lemma="εὑρίσκω" postag="v3saia---" relation="PRED_CO" head="16"/>
      <word id="10" form="τεθνεώσας" lemma="θνήσκω" postag="v-prpafa-" relation="ATV" head="8"/>
      <word id="11" form="ἐκ" lemma="ἐκ" postag="r--------" relation="AuxP" head="10"/>
      <word id="12" form="τοῦ" lemma="ὁ" postag="l-s---mg-" relation="ATR" head="13"/>
      <word id="13" form="λιμοῦ" lemma="λιμός" postag="n-s---mg-" relation="ADV" head="11"/>
      <word id="14" form="," lemma="punc1" postag="u--------" relation="AuxX" head="0"/>
      <word id="15" form="αἱ" lemma="ὁ" postag="l-p---fn-" relation="ATR" head="17"/>
      <word id="16" form="δὲ" lemma="δὲ" postag="c--------" relation="COORD" head="2"/>
      <word id="17" form="ἄγριαι" lemma="ἄγριος" postag="a-p---fn-" relation="SBJ" head="21"/>
      <word id="18" form="πρὸς" lemma="πρός" postag="r--------" relation="AuxP" head="21"/>
      <word id="19" form="τὸ" lemma="ὁ" postag="l-s---na-" relation="ATR" head="20"/>
      <word id="20" form="ὄρος" lemma="ὄρος" postag="n-s---na-" relation="ADV" head="18"/>
      <word id="21" form="ἔφυγον" lemma="φεύγω" postag="v3paia---" relation="PRED_CO" head="16"/>
      <word id="22" form="." lemma="punc1" postag="u--------" relation="AuxK" head="0"/>
   </sentence>
   <sentence id="5"
             document_id="urn:cts:greekLit:tlg0096.tlg002.First1K-grc1"
             subdoc="12b"
             span="">
      <word id="1" form="Ὁ" lemma="ὁ" postag="l-s---mn-" relation="ATR" head="3"/>
      <word id="2" form="δὲ" lemma="δὲ" postag="c--------" relation="COORD" head="0"/>
      <word id="3" form="αἰπόλος" lemma="αἰπόλος" postag="n-s---mn-" relation="SBJ" head="8"/>
      <word id="4" form="γελαστὸς" lemma="γελαστός" postag="a-s---mn-" relation="ATR" head="3"/>
      <word id="5" form="εἰς" lemma="εἰς" postag="r--------" relation="AuxP" head="8"/>
      <word id="6" form="τὸν" lemma="ὁ" postag="l-s---ma-" relation="ATR" head="7"/>
      <word id="7" form="οἶκον" lemma="οἶκος" postag="n-s---ma-" relation="OBJ" head="5"/>
      <word id="8" form="ἦλθε" lemma="ἔρχομαι" postag="v3saia---" relation="PRED_CO" head="2"/>
      <word id="9" form="κενός" lemma="κενός" postag="a-s---mn-" relation="ATV" head="3"/>
      <word id="10" form="." lemma="punc1" postag="u--------" relation="AuxK" head="0"/>
   </sentence>
   <sentence id="6"
             document_id="urn:cts:greekLit:tlg0096.tlg002.First1K-grc1"
             subdoc="12b"
             span="">
      <word id="1" form="Ὅτι" lemma="ὅτι2" postag="c--------" relation="AuxC" head="16"/>
      <word id="2" form="οὐδαμῶς" lemma="οὐδαμῶς" postag="d--------" relation="ADV" head="5"/>
      <word id="3" form="ἡμᾶς" lemma="ἐγώ" postag="p1p---ma-" relation="SBJ" head="5"/>
      <word id="4" form="πρέπει" lemma="πρέπω" postag="v3spia---" relation="OBJ" head="1"/>
      <word id="5" form="ἀμελεῖν" lemma="ἀμελέω" postag="v--pna---" relation="SBJ" head="4"/>
      <word id="6" form="τῶν" lemma="ὁ" postag="l-p---ng-" relation="ATR" head="7"/>
      <word id="7" form="οἰκείων" lemma="οἰκεῖος" postag="a-p---ng-" relation="OBJ" head="5"/>
      <word id="8" form="," lemma="punc1" postag="u--------" relation="AuxX" head="0"/>
      <word id="9" form="ἐπʼ" lemma="ἐπί" postag="r--------" relation="AuxP" head="5"/>
      <word id="10" form="ἐλπίδι" lemma="ἐλπίς" postag="n-s---fd-" relation="ADV" head="9"/>
      <word id="11" form="κέρδους" lemma="κέρδος" postag="n-s---ng-" relation="ATR" head="10"/>
      <word id="12" form="ἐξ" lemma="ἐκ" postag="r--------" relation="AuxP" head="14"/>
      <word id="13" form="ἀλλοτρίων" lemma="ἀλλότριος" postag="a-p---ng-" relation="ADV" head="12"/>
      <word id="14" form="γενησομένου" lemma="γίγνομαι" postag="v-sfpmng-" relation="ATR" head="11"/>
      <word id="15" form="." lemma="punc1" postag="u--------" relation="AuxK" head="0"/>
      <word id="16" insertion_id="0000e" artificial="elliptic" relation="PRED" form="δηλοῖ" lemma="δηλόω" postag="v3spia---" head="0"/>
      <word id="17" insertion_id="0000d" artificial="elliptic" relation="SBJ" form="μῦθος" lemma="μῦθος" postag="n-s---mn-" head="16"/>
      <word id="18" insertion_id="0000c" artificial="elliptic" relation="ATR" form="Ὁ" lemma="ὁ" postag="l-s---mn-" head="17"/>
   </sentence>
</treebank>
