<?xml version="1.0" encoding="UTF-8"?>
<treebank xmlns:saxon="http://saxon.sf.net/"
          xml:lang="grc"
          format="aldt"
          direction="ltr"
          version="1.5">
   <date>2022-10-03 12:57:20 UTC</date>
   <annotator>
      <short/>
      <name/>
      <address/>
      <uri>https://services.perseids.org/llt/segtok</uri>
  </annotator>
   <annotator>
      <short/>
      <name/>
      <address/>
      <uri>http://github.com/latin-language-toolkit/arethusa</uri>
  </annotator>
   <annotator>
      <short>celeste</short>
      <name>maria celeste consolin dezotti</name>
      <address>mceleste.cd@gmail.com</address>
      <uri>http://data.perseus.org/sosol/users/celeste</uri>
  </annotator>
   <sentence id="1"
             document_id="urn:cts:greekLit:tlg0096.tlg002.First1K-grc1"
             subdoc="27b"
             span="">
      <word id="1" form="Ἴωνες" lemma="Ἴων" postag="n-p---mn-" relation="SBJ_CO" head="2"/>
      <word id="2" form="καὶ" lemma="καί" postag="c--------" relation="COORD" head="13"/>
      <word id="3" form="Αἰολέες" lemma="Αἰολεύς" postag="n-p---mn-" relation="SBJ_CO" head="2"/>
      <word id="4" form="," lemma="punc1" postag="u--------" relation="AuxX" head="0"/>
      <word id="5" form="ὡς" lemma="ὡς" postag="c--------" relation="AuxC" head="13"/>
      <word id="6" form="οἱ" lemma="ὁ" postag="l-p---mn-" relation="ATR" head="7"/>
      <word id="7" form="Λυδοὶ" lemma="Λυδός" postag="a-p---mn-" relation="SBJ" head="9"/>
      <word id="8" form="τάχιστα" lemma="τάχιστος" postag="a-p---na-" relation="ADV" head="9"/>
      <word id="9" form="κατεστράφατο" lemma="καταστρέφω" postag="v3plie---" relation="ADV" head="5"/>
      <word id="10" form="ὑπὸ" lemma="ὑπό" postag="r--------" relation="AuxP" head="9"/>
      <word id="11" form="Περσέων" lemma="Πέρσευς" postag="n-p---mg-" relation="OBJ" head="10"/>
      <word id="12" form="," lemma="punc1" postag="u--------" relation="AuxX" head="0"/>
      <word id="13" form="ἔπεμπον" lemma="πέμπω" postag="v3piia---" relation="PRED" head="0"/>
      <word id="14" form="ἀγγέλους" lemma="ἄγγελος" postag="n-p---ma-" relation="OBJ" head="13"/>
      <word id="15" form="ἐς" lemma="εἰς" postag="r--------" relation="AuxP" head="13"/>
      <word id="16" form="Σάρδις" lemma="Σάρδεις" postag="n-p---fa-" relation="OBJ" head="15"/>
      <word id="17" form="παρὰ" lemma="παρά" postag="r--------" relation="AuxP" head="13"/>
      <word id="18" form="Κῦρον" lemma="Κῦρος" postag="n-s---ma-" relation="ADV" head="17"/>
      <word id="19" form="," lemma="punc1" postag="u--------" relation="AuxX" head="0"/>
      <word id="20" form="ἐθέλοντες" lemma="ἐθέλω" postag="v-pppamn-" relation="ADV" head="13"/>
      <word id="21" form="ἐπὶ" lemma="ἐπί" postag="r--------" relation="AuxP" head="24"/>
      <word id="22" form="τοῖσι" lemma="ὁ" postag="l-p---nd-" relation="ATR" head="23"/>
      <word id="23" form="αὐτοῖσι" lemma="αὐτός" postag="p-p---nd-" relation="ADV" head="21"/>
      <word id="24" form="εἶναι" lemma="εἰμί" postag="v--pna---" relation="OBJ" head="20"/>
      <word id="25" form="τοῖσι" lemma="ὁ" postag="l-p---nd-" relation="ADV" head="28"/>
      <word id="26" form="καὶ" lemma="καὶ" postag="d-------_" relation="AuxZ" head="28"/>
      <word id="27" form="Κροίσῳ" lemma="Κροῖσος" postag="n-s---md-" relation="ATR" head="29"/>
      <word id="28" form="ἔσαν" lemma="εἰμί" postag="v3piia---" relation="ADV" head="23"/>
      <word id="29" form="κατήκοοι" lemma="κατήκοος" postag="a-p---mn-" relation="PNOM" head="28"/>
      <word id="30" form="." lemma="punc1" postag="u--------" relation="AuxK" head="0"/>
   </sentence>
   <sentence id="2"
             document_id="urn:cts:greekLit:tlg0096.tlg002.First1K-grc1"
             subdoc="27b"
             span="">
      <word id="1" form="Ὁ" lemma="ὁ" postag="l-s---mn-" relation="SBJ" head="7"/>
      <word id="2" form="δὲ" lemma="δὲ" postag="c--------" relation="COORD" head="0"/>
      <word id="3" form="ἀκούσας" lemma="ἀκούω" postag="v-sapamn-" relation="ADV" head="7"/>
      <word id="4" form="αὐτέων" lemma="αὐτός" postag="p-p---mg-" relation="OBJ" head="3"/>
      <word id="5" form="τὰ" lemma="ὁ" postag="l-p---na-" relation="ATR" head="6"/>
      <word id="6" form="προΐσχοντο" lemma="προίσχω" postag="v3piie---" relation="OBJ" head="3"/>
      <word id="7" form="ἔλεξέ" lemma="λέγω2" postag="v3saia---" relation="PRED_CO" head="2"/>
      <word id="8" form="σφι" lemma="σφεῖς" postag="p-p---md-" relation="OBJ" head="7"/>
      <word id="9" form="λόγον" lemma="λόγος" postag="n-s---ma-" relation="OBJ" head="7"/>
      <word id="10" form="," lemma="punc1" postag="u--------" relation="AuxX" head="0"/>
      <word id="11" form="ἄνδρα" lemma="ἀνήρ" postag="n-s---ma-" relation="SBJ" head="21"/>
      <word id="12" form="φὰς" lemma="φημί" postag="v-sppamn-" relation="ADV" head="7"/>
      <word id="13" form="αὐλητὴν" lemma="αὐλητής" postag="n-s---ma-" relation="ATR" head="11"/>
      <word id="14" form="," lemma="punc1" postag="u--------" relation="AuxX" head="0"/>
      <word id="15" form="ἰδόντα" lemma="εἶδον" postag="v-sapama-" relation="ADV" head="21"/>
      <word id="16" form="ἰχθῦς" lemma="ἰχθύς" postag="n-p---ma-" relation="OBJ" head="15"/>
      <word id="17" form="ἐν" lemma="ἐν" postag="r--------" relation="AuxP" head="15"/>
      <word id="18" form="τῇ" lemma="ὁ" postag="l-s---fd-" relation="ATR" head="19"/>
      <word id="19" form="θαλάσσῃ" lemma="θάλασσα" postag="n-s---fd-" relation="ADV" head="17"/>
      <word id="20" form="," lemma="punc1" postag="u--------" relation="AuxX" head="0"/>
      <word id="21" form="αὐλέειν" lemma="αὐλέω" postag="v--pna---" relation="OBJ" head="12"/>
      <word id="22" form="," lemma="punc1" postag="u--------" relation="AuxX" head="0"/>
      <word id="23" form="δοκέοντά" lemma="δοκέω" postag="v-sppama-" relation="ADV" head="21"/>
      <word id="24" form="σφεας" lemma="σφεῖς" postag="p-p---ma-" relation="SBJ" head="25"/>
      <word id="25" form="ἐξελεύσεσθαι" lemma="ἐξέρχομαι" postag="v--fnm---" relation="OBJ" head="23"/>
      <word id="26" form="ἐς" lemma="εἰς" postag="r--------" relation="AuxP" head="25"/>
      <word id="27" form="γῆν" lemma="γῆ" postag="n-s---fa-" relation="OBJ" head="26"/>
      <word id="28" form="·" lemma="punc1" postag="u--------" relation="AuxK" head="0"/>
   </sentence>
   <sentence id="3"
             document_id="urn:cts:greekLit:tlg0096.tlg002.First1K-grc1"
             subdoc="27b"
             span="">
      <word id="1" form="ὡς" lemma="ὡς" postag="c--------" relation="AuxC" head="16"/>
      <word id="2" form="δὲ" lemma="δὲ" postag="c--------" relation="COORD" head="0"/>
      <word id="3" form="ψευσθῆναι" lemma="ψεύδω" postag="v--anp---" relation="ADV" head="1"/>
      <word id="4" form="τῆς" lemma="ὁ" postag="l-s---fg-" relation="ATR" head="5"/>
      <word id="5" form="ἐλπίδος" lemma="ἐλπίς" postag="n-s---fg-" relation="OBJ" head="3"/>
      <word id="6" form="," lemma="punc1" postag="u--------" relation="AuxX" head="0"/>
      <word id="7" form="λαβεῖν" lemma="λαμβάνω" postag="v--ana---" relation="OBJ_CO" head="16"/>
      <word id="8" form="ἀμφίβληστρον" lemma="ἀμφίβληστρον" postag="n-s---na-" relation="OBJ" head="7"/>
      <word id="9" form="καὶ" lemma="καὶ" postag="d-------_" relation="AuxY" head="16"/>
      <word id="10" form="περιβαλεῖν" lemma="περιβάλλω" postag="v--ana---" relation="OBJ_CO" head="16"/>
      <word id="11" form="τε" lemma="τε" postag="d--------" relation="AuxY" head="16"/>
      <word id="12" form="πλῆθος" lemma="πλῆθος" postag="n-s---na-" relation="OBJ" head="10"/>
      <word id="13" form="πολλὸν" lemma="πολύς" postag="a-s---na-" relation="ATR" head="12"/>
      <word id="14" form="τῶν" lemma="ὁ" postag="l-p---mg-" relation="ATR" head="15"/>
      <word id="15" form="ἰχθύων" lemma="ἰχθύς" postag="n-p---mg-" relation="ATR" head="12"/>
      <word id="16" form="καὶ" lemma="καί" postag="c--------" relation="COORD" head="2"/>
      <word id="17" form="ἐξειρύσαι" lemma="ἐξερύω" postag="v--ana---" relation="OBJ_CO" head="16"/>
      <word id="18" form="·" lemma="punc1" postag="u--------" relation="AuxK" head="0"/>
   </sentence>
   <sentence id="4"
             document_id="urn:cts:greekLit:tlg0096.tlg002.First1K-grc1"
             subdoc="27b"
             span="">
      <word id="1" form="ἰδόντα" lemma="εἶδον" postag="v-sapama-" relation="ADV" head="5"/>
      <word id="2" form="δὲ" lemma="δὲ" postag="c--------" relation="COORD" head="0"/>
      <word id="3" form="παλλομένους" lemma="πάλλω" postag="v-pppema-" relation="OBJ" head="1"/>
      <word id="4" form="," lemma="punc1" postag="u--------" relation="AuxX" head="0"/>
      <word id="5" form="εἰπεῖν" lemma="εἶπον" postag="v--ana---" relation="OBJ" head="2"/>
      <word id="6" form="ἄρα" lemma="ἄρα" postag="d--------" relation="AuxY" head="5"/>
      <word id="7" form="αὐτὸν" lemma="αὐτός" postag="p-s---ma-" relation="SBJ" head="5"/>
      <word id="8" form="πρὸς" lemma="πρός" postag="r--------" relation="AuxP" head="5"/>
      <word id="9" form="τοὺς" lemma="ὁ" postag="l-p---ma-" relation="ATR" head="10"/>
      <word id="10" form="ἰχθῦς" lemma="ἰχθύς" postag="n-p---ma-" relation="OBJ" head="8"/>
      <word id="11" form="·" lemma="punc1" postag="u--------" relation="AuxK" head="0"/>
   </sentence>
   <sentence id="5"
             document_id="urn:cts:greekLit:tlg0096.tlg002.First1K-grc1"
             subdoc="27b"
             span="">
      <word id="1" form="&#34;" lemma="punc1" postag="u--------" relation="AuxX" head="0"/>
      <word id="2" form="παύεσθέ" lemma="παύω" postag="v2ppme---" relation="PRED" head="0"/>
      <word id="3" form="μοι" lemma="ἐγώ" postag="p1s---md-" relation="ADV" head="4"/>
      <word id="4" form="ὀρχεόμενοι" lemma="ὀρχέομαι" postag="v-pppemn-" relation="AtvV" head="2"/>
      <word id="5" form="," lemma="punc1" postag="u--------" relation="AuxX" head="0"/>
      <word id="6" form="ἐπεὶ" lemma="ἐπεί" postag="c--------" relation="AuxC" head="2"/>
      <word id="7" form="οὐδʼ" lemma="οὐδέ" postag="d-------_" relation="AuxZ" head="10"/>
      <word id="8" form="ἐμέο" lemma="ἐγώ" postag="p1s---mg-" relation="SBJ" head="9"/>
      <word id="9" form="αὐλέοντος" lemma="αὐλέω" postag="v-sppamg-" relation="ADV" head="10"/>
      <word id="10" form="ἠθέλετε" lemma="ἐθέλω" postag="v2piia---" relation="ADV" head="6"/>
      <word id="11" form="ἐκβαίνειν" lemma="ἐκβαίνω" postag="v--pna---" relation="OBJ" head="10"/>
      <word id="12" form="ὀρχεόμενοι" lemma="ὀρχέομαι" postag="v-pppemn-" relation="ADV" head="11"/>
      <word id="13" form="&#34;" lemma="punc1" postag="u--------" relation="AuxX" head="0"/>
      <word id="14" form="." lemma="punc1" postag="u--------" relation="AuxK" head="0"/>
   </sentence>
   <sentence id="6"
             document_id="urn:cts:greekLit:tlg0096.tlg002.First1K-grc1"
             subdoc="27b"
             span="">
      <word id="1" form="Κῦρος" lemma="Κῦρος" postag="n-s---mn-" relation="SBJ" head="13"/>
      <word id="2" form="μὲν" lemma="μέν" postag="d--------" relation="AuxY" head="13"/>
      <word id="3" form="τοῦτον" lemma="οὗτος" postag="p-s---ma-" relation="ATR" head="5"/>
      <word id="4" form="τὸν" lemma="ὁ" postag="l-s---ma-" relation="ATR" head="5"/>
      <word id="5" form="λόγον" lemma="λόγος" postag="n-s---ma-" relation="OBJ" head="13"/>
      <word id="6" form="τοῖσι" lemma="ὁ" postag="l-p---md-" relation="ATR" head="7"/>
      <word id="7" form="Ἴωσι" lemma="Ἴων" postag="n-p---md-" relation="OBJ_CO" head="8"/>
      <word id="8" form="καὶ" lemma="καί" postag="c--------" relation="COORD" head="13"/>
      <word id="9" form="τοῖσι" lemma="ὁ" postag="l-p---md-" relation="ATR" head="10"/>
      <word id="10" form="Αἰολεῦσι" lemma="Αἰολεύς" postag="n-p---md-" relation="OBJ_CO" head="8"/>
      <word id="11" form="τῶνδε" lemma="ὅδε" postag="p-p---ng-" relation="ADV" head="12"/>
      <word id="12" form="εἵνεκα" lemma="ἕνεκα" postag="r--------" relation="AuxP" head="13"/>
      <word id="13" form="ἔλεξε" lemma="λέγω2" postag="v3spia---" relation="PRED" head="0"/>
      <word id="14" form="," lemma="punc1" postag="u--------" relation="AuxX" head="0"/>
      <word id="15" form="ὅτι" lemma="ὅτι2" postag="c--------" relation="AuxC" head="11"/>
      <word id="16" form="δὴ" lemma="δή" postag="d--------" relation="AuxY" head="35"/>
      <word id="17" form="οἱ" lemma="ὁ" postag="l-p---mn-" relation="ATR" head="18"/>
      <word id="18" form="Ἴωνες" lemma="Ἴων" postag="n-p---mn-" relation="SBJ" head="35"/>
      <word id="19" form="πρότερον" lemma="πρότερος" postag="a-s---na-" relation="ADV" head="32"/>
      <word id="20" form="," lemma="punc1" postag="u--------" relation="AuxX" head="0"/>
      <word id="21" form="αὐτοῦ" lemma="αὐτός" postag="p-s---mg-" relation="ATR" head="22"/>
      <word id="22" form="Κύρου" lemma="Κῦρος" postag="n-s---mg-" relation="SBJ" head="23"/>
      <word id="23" form="δεηθέντος" lemma="δέω2" postag="v-sappmg-" relation="ADV" head="32"/>
      <word id="24" form="διʼ" lemma="διά" postag="r--------" relation="AuxP" head="23"/>
      <word id="25" form="ἀγγέλων" lemma="ἄγγελος" postag="n-p---mg-" relation="ADV" head="24"/>
      <word id="26" form="ἀπίστασθαί" lemma="ἀφίστημι" postag="v--pnm---" relation="OBJ" head="23"/>
      <word id="27" form="σφεας" lemma="σφεῖς" postag="p-p---ma-" relation="SBJ" head="26"/>
      <word id="28" form="ἀπὸ" lemma="ἀπό" postag="r--------" relation="AuxP" head="26"/>
      <word id="29" form="Κροίσου" lemma="Κροῖσος" postag="n-s---mg-" relation="OBJ" head="28"/>
      <word id="30" form="," lemma="punc1" postag="u--------" relation="AuxX" head="0"/>
      <word id="31" form="οὐκ" lemma="οὐ" postag="d--------" relation="AuxZ" head="32"/>
      <word id="32" form="ἐπείθοντο" lemma="πείθω" postag="v3piie---" relation="APOS_CO" head="35"/>
      <word id="33" form="," lemma="punc1" postag="u--------" relation="AuxX" head="0"/>
      <word id="34" form="τότε" lemma="τότε" postag="d--------" relation="ADV" head="41"/>
      <word id="35" form="δὲ" lemma="δὲ" postag="c--------" relation="COORD" head="15"/>
      <word id="36" form="," lemma="punc1" postag="u--------" relation="AuxX" head="0"/>
      <word id="37" form="κατεργασμένων" lemma="κατεργάζομαι" postag="v-prpeng-" relation="ADV" head="41"/>
      <word id="38" form="τῶν" lemma="ὁ" postag="l-p---ng-" relation="ATR" head="39"/>
      <word id="39" form="πρηγμάτων" lemma="πρᾶγμα" postag="n-p---ng-" relation="SBJ" head="37"/>
      <word id="40" form="," lemma="punc1" postag="u--------" relation="AuxX" head="0"/>
      <word id="41" form="ἔσαν" lemma="εἰμί" postag="v3piia---" relation="APOS_CO" head="35"/>
      <word id="42" form="ἕτοιμοι" lemma="ἕτοιμος" postag="a-p---mn_" relation="PNOM" head="41"/>
      <word id="43" form="πείθεσθαι" lemma="πείθω" postag="v--pne---" relation="ATR" head="42"/>
      <word id="44" form="Κύρῳ" lemma="Κῦρος" postag="n-s---md-" relation="OBJ" head="43"/>
      <word id="45" form="." lemma="punc1" postag="u--------" relation="AuxK" head="0"/>
   </sentence>
</treebank>
