<?xml version="1.0" encoding="UTF-8"?>
<treebank xmlns:saxon="http://saxon.sf.net/"
          xml:lang="grc"
          format="aldt"
          direction="ltr"
          version="1.5">
   <date>2022-09-30 20:12:27 UTC</date>
   <annotator>
      <short/>
      <name/>
      <address/>
      <uri>https://services.perseids.org/llt/segtok</uri>
  </annotator>
   <annotator>
      <short/>
      <name/>
      <address/>
      <uri>http://github.com/latin-language-toolkit/arethusa</uri>
  </annotator>
   <annotator>
      <short>celeste</short>
      <name>maria celeste consolin dezotti</name>
      <address>mceleste.cd@gmail.com</address>
      <uri>http://data.perseus.org/sosol/users/celeste</uri>
  </annotator>
   <sentence id="1"
             document_id="urn:cts:greekLit:tlg0096.tlg002.First1K-grc1"
             subdoc="21c"
             span="">
      <word id="1" form="Μαχομένων" lemma="μάχομαι" postag="v-pppemg-" relation="ADV" head="17"/>
      <word id="2" form="δήποτε" lemma="δήποτε" postag="d--------" relation="ADV" head="1"/>
      <word id="3" form="τῶν" lemma="ὁ" postag="l-p---mg-" relation="ATR" head="4"/>
      <word id="4" form="ἀλεκτόρων" lemma="ἀλέκτωρ" postag="n-p---mg-" relation="SBJ" head="1"/>
      <word id="5" form="διὰ" lemma="διά" postag="r--------" relation="AuxP" head="1"/>
      <word id="6" form="τὴν" lemma="ὁ" postag="l-s---fa-" relation="ATR" head="7"/>
      <word id="7" form="ὄρνιν" lemma="ὄρνις" postag="n-s---fa-" relation="ADV_CO" head="8"/>
      <word id="8" form="," lemma="punc1" postag="u--------" relation="COORD" head="5"/>
      <word id="9" form="τὸ" lemma="ὁ" postag="l-s---na-" relation="ATR" head="12"/>
      <word id="10" form="τίς" lemma="τίς" postag="x-s---mn-" relation="SBJ" head="12"/>
      <word id="11" form="αὐτὴν" lemma="αὐτός" postag="p-s---fa-" relation="OBJ" head="12"/>
      <word id="12" form="ἐγγήμῃ" lemma="ἐν-γαμέω" postag="v3sasa---" relation="ADV_CO" head="8"/>
      <word id="13" form="," lemma="punc1" postag="u--------" relation="AuxX" head="0"/>
      <word id="14" form="ὁ" lemma="ὁ" postag="l-s---mn-" relation="ATR" head="15"/>
      <word id="15" form="εἷς" lemma="εἷς" postag="m-s---mn-" relation="SBJ" head="17"/>
      <word id="16" form="ἡττηθεὶς" lemma="ἡττάω" postag="v-sappmn-" relation="ATR" head="15"/>
      <word id="17" form="ἐκρύπτετο" lemma="κρύπτω" postag="v3siie---" relation="PRED" head="0"/>
      <word id="18" form="ἔν" lemma="ἐν" postag="r--------" relation="AuxP" head="17"/>
      <word id="19" form="τινι" lemma="τις" postag="p-s----d-" relation="ATR" head="20"/>
      <word id="20" form="γωνίᾳ" lemma="γωνία" postag="n-s---fd-" relation="ADV" head="18"/>
      <word id="21" form="," lemma="punc1" postag="u--------" relation="AuxX" head="0"/>
      <word id="22" form="ὡς" lemma="ὡς" postag="c--------" relation="AuxC" head="17"/>
      <word id="23" form="δειλιάσας" lemma="δειλιάω" postag="v-sapamn-" relation="ADV_CO" head="24"/>
      <word id="24" form="καὶ" lemma="καί" postag="c--------" relation="COORD" head="22"/>
      <word id="25" form="εἰς" lemma="εἰς" postag="r--------" relation="AuxP" head="27"/>
      <word id="26" form="τροπὴν" lemma="τροπή" postag="n-s---fa-" relation="OBJ" head="25"/>
      <word id="27" form="χωρήσας" lemma="χωρέω" postag="v-sapamn-" relation="ADV_CO" head="24"/>
      <word id="28" form="·" lemma="punc1" postag="u--------" relation="AuxK" head="17"/>
   </sentence>
   <sentence id="2"
             document_id="urn:cts:greekLit:tlg0096.tlg002.First1K-grc1"
             subdoc="21c"
             span="">
      <word id="1" form="ὁ" lemma="ὁ" postag="l-s---mn-" relation="ATR" head="3"/>
      <word id="2" form="δὲ" lemma="δὲ" postag="c--------" relation="COORD" head="0"/>
      <word id="3" form="ἕτερος" lemma="ἕτερος" postag="a-s---mn-" relation="SBJ" head="8"/>
      <word id="4" form="σφοδρῶς" lemma="σφοδρῶς" postag="d-------_" relation="ADV" head="6"/>
      <word id="5" form="μέγα" lemma="μέγας" postag="a-s---na-" relation="ADV" head="4"/>
      <word id="6" form="κοκκύσας" lemma="κοκκύζω" postag="v-sapamn-" relation="ADV" head="8"/>
      <word id="7" form="," lemma="punc1" postag="u--------" relation="AuxX" head="0"/>
      <word id="8" form="ἀνεπέτασεν" lemma="ἀναπετάννυμι" postag="v3saia---" relation="PRED_CO" head="2"/>
      <word id="9" form="ἐπάνω" lemma="ἐπάνω" postag="d--------" relation="AuxP" head="8"/>
      <word id="10" form="τῶν" lemma="ὁ" postag="l-p---ng-" relation="ATR" head="11"/>
      <word id="11" form="δωμάτων" lemma="δῶμα" postag="n-p---ng-" relation="OBJ" head="9"/>
      <word id="12" form="," lemma="punc1" postag="u--------" relation="AuxX" head="0"/>
      <word id="13" form="ὡς" lemma="ὡς" postag="c--------" relation="AuxC" head="8"/>
      <word id="14" form="τροπαιοῦχος" lemma="τροπαιοῦχος" postag="a-s---mn_" relation="ADV" head="13"/>
      <word id="15" form="κατὰ" lemma="κατά" postag="r--------" relation="AuxP" head="14"/>
      <word id="16" form="τοῦ" lemma="ὁ" postag="l-s---mg-" relation="ATR" head="17"/>
      <word id="17" form="πολεμίου" lemma="πολέμιος" postag="a-s---mg-" relation="ADV" head="15"/>
      <word id="18" form="," lemma="punc1" postag="u--------" relation="AuxX" head="0"/>
      <word id="19" form="φωνῶν" lemma="φωνέω" postag="v-sppamn-" relation="ADV" head="8"/>
      <word id="20" form="·" lemma="punc1" postag="u--------" relation="AuxK" head="0"/>
   </sentence>
   <sentence id="3"
             document_id="urn:cts:greekLit:tlg0096.tlg002.First1K-grc1"
             subdoc="21c"
             span="">
      <word id="1" form="&#34;" lemma="punc1" postag="u--------" relation="AuxX" head="0"/>
      <word id="2" form="ἥττησα" lemma="ἡττάω" postag="v1saia---" relation="PRED" head="0"/>
      <word id="3" form="τὸν" lemma="ὁ" postag="l-s---ma-" relation="ATR" head="5"/>
      <word id="4" form="ἴδιον" lemma="ἴδιος" postag="a-s---ma-" relation="ATR" head="5"/>
      <word id="5" form="ἐχθρόν" lemma="ἐχθρός" postag="a-s---ma-" relation="OBJ" head="2"/>
      <word id="6" form="μου" lemma="ἐγώ" postag="p1s---mg-" relation="ATR" head="5"/>
      <word id="7" form="," lemma="punc1" postag="u--------" relation="AuxX" head="0"/>
      <word id="8" form="τροπωσάμενος" lemma="τροπόω" postag="v-sapmmn-" relation="ADV" head="2"/>
      <word id="9" form="ἀντίπαλον" lemma="ἀντίπαλος" postag="a-s---ma-" relation="OBJ" head="8"/>
      <word id="10" form="εἰς" lemma="εἰς" postag="r--------" relation="AuxP" head="8"/>
      <word id="11" form="κράτος" lemma="κράτος" postag="n-s---na-" relation="ADV" head="10"/>
      <word id="12" form="&#34;" lemma="punc1" postag="u--------" relation="AuxX" head="0"/>
      <word id="13" form="." lemma="punc1" postag="u--------" relation="AuxK" head="0"/>
   </sentence>
   <sentence id="4"
             document_id="urn:cts:greekLit:tlg0096.tlg002.First1K-grc1"
             subdoc="21c"
             span="">
      <word id="1" form="Ὡς" lemma="ὡς" postag="c--------" relation="AuxC" head="15"/>
      <word id="2" form="οὖν" lemma="οὖν" postag="d--------" relation="AuxY" head="15"/>
      <word id="3" form="ἐβόα" lemma="βοάω" postag="v3siia---" relation="ADV" head="1"/>
      <word id="4" form="τοιαῦτα" lemma="τοιοῦτος" postag="p-p---na-" relation="OBJ" head="3"/>
      <word id="5" form="ὁ" lemma="ὁ" postag="l-s---mn-" relation="ATR" head="6"/>
      <word id="6" form="ἀλέκτωρ" lemma="ἀλέκτωρ" postag="n-s---mn-" relation="SBJ" head="3"/>
      <word id="7" form="," lemma="punc1" postag="u--------" relation="AuxX" head="0"/>
      <word id="8" form="ἧκεν" lemma="ἥκω" postag="v3siia---" relation="PRED_CO" head="15"/>
      <word id="9" form="ἀετὸς" lemma="ἀετός" postag="n-s---mn-" relation="SBJ" head="8"/>
      <word id="10" form="καταπτὰς" lemma="καταπέτομαι" postag="v-sapamn-" relation="ADV" head="8"/>
      <word id="11" form="ἐκ" lemma="ἐκ" postag="r--------" relation="AuxP" head="10"/>
      <word id="12" form="τῶν" lemma="ὁ" postag="l-p---ng-" relation="ATR" head="13"/>
      <word id="13" form="ἄνω" lemma="ἄνω2" postag="d--------" relation="ADV" head="11"/>
      <word id="14" form="," lemma="punc1" postag="u--------" relation="AuxX" head="0"/>
      <word id="15" form="καὶ" lemma="καί" postag="c--------" relation="COORD" head="0"/>
      <word id="16" form="καταλαβὼν" lemma="καταλαμβάνω" postag="v-sapamn-" relation="ADV" head="21"/>
      <word id="17" form="τὸν" lemma="ὁ" postag="l-s---ma-" relation="ATR" head="18"/>
      <word id="18" form="νικητὴν" lemma="νικητής" postag="n-s---ma-" relation="OBJ" head="16"/>
      <word id="19" form="ἐκεῖνον" lemma="ἐκεῖνος" postag="p-s---ma-" relation="ATR" head="18"/>
      <word id="20" form="," lemma="punc1" postag="u--------" relation="AuxX" head="0"/>
      <word id="21" form="ἤγαγεν" lemma="ἄγω" postag="v3saia---" relation="PRED_CO" head="15"/>
      <word id="22" form="αὐτὸν" lemma="αὐτός" postag="p-s---ma-" relation="OBJ" head="21"/>
      <word id="23" form="τοῖς" lemma="ὁ" postag="l-p---nd-" relation="ATR" head="24"/>
      <word id="24" form="τέκνοις" lemma="τέκνον" postag="n-p---nd-" relation="OBJ" head="21"/>
      <word id="25" form="παραυτίκα" lemma="παραυτίκα" postag="d--------" relation="ADV" head="21"/>
      <word id="26" form="," lemma="punc1" postag="u--------" relation="AuxX" head="0"/>
      <word id="27" form="βρῶμα" lemma="βρῶμα" postag="n-s---na-" relation="OCOMP_CO" head="31"/>
      <word id="28" form="ποιήσας" lemma="ποιέω" postag="v-sapamn-" relation="ADV" head="21"/>
      <word id="29" form="τοῖς" lemma="ὁ" postag="l-p---md-" relation="ATR" head="30"/>
      <word id="30" form="νεοττοῖς" lemma="νεοσσός" postag="n-p---md-" relation="OBJ" head="28"/>
      <word id="31" form="καὶ" lemma="καί" postag="c--------" relation="COORD" head="28"/>
      <word id="32" form="πόμα" lemma="πόμα" postag="n-s----a-" relation="OCOMP_CO" head="31"/>
      <word id="33" form="." lemma="punc1" postag="u--------" relation="AuxK" head="0"/>
   </sentence>
   <sentence id="5"
             document_id="urn:cts:greekLit:tlg0096.tlg002.First1K-grc1"
             subdoc="21c"
             span="">
      <word id="1" form="Ὁ" lemma="ὁ" postag="l-s---mn-" relation="ATR" head="3"/>
      <word id="2" form="δὲ" lemma="δὲ" postag="c--------" relation="COORD" head="0"/>
      <word id="3" form="ἕτερος" lemma="ἕτερος" postag="a-s---mn-" relation="SBJ" head="7"/>
      <word id="4" form="ἐλευθερίως" lemma="ἐλευθερίως" postag="d-------_" relation="ADV" head="5"/>
      <word id="5" form="ζήσας" lemma="ζάω" postag="v-sapamn-" relation="ADV" head="7"/>
      <word id="6" form="," lemma="punc1" postag="u--------" relation="AuxX" head="0"/>
      <word id="7" form="ἤγετο" lemma="ἄγω" postag="v3siie---" relation="PRED_CO" head="2"/>
      <word id="8" form="οὕτως" lemma="οὕτως" postag="d--------" relation="AuxZ" head="11"/>
      <word id="9" form="ἐν" lemma="ἐν" postag="r--------" relation="AuxP" head="11"/>
      <word id="10" form="ἀδείᾳ" lemma="ἄδεια" postag="n-s---fd-" relation="ADV" head="9"/>
      <word id="11" form="τυγχάνων" lemma="τυγχάνω" postag="v-sppamn-" relation="ADV" head="7"/>
      <word id="12" form="," lemma="punc1" postag="u--------" relation="AuxX" head="11"/>
      <word id="13" form="λαβὼν" lemma="λαμβάνω" postag="v-sapamn-" relation="ADV" head="7"/>
      <word id="14" form="εὔκλειαν" lemma="εὔκλεια" postag="n-s---fa-" relation="OBJ" head="13"/>
      <word id="15" form="κατὰ" lemma="κατά" postag="r--------" relation="AuxP" head="14"/>
      <word id="16" form="τοῦ" lemma="ὁ" postag="l-s---mg-" relation="ATR" head="17"/>
      <word id="17" form="πολεμίου" lemma="πολέμιος" postag="a-s---mg-" relation="ATR" head="15"/>
      <word id="18" form="τοῦ" lemma="ὁ" postag="l-s---mg-" relation="ATR" head="23"/>
      <word id="19" form="ἐκπορθοῦντος" lemma="ἐκπορθέω" postag="v-sppamg-" relation="ATR" head="23"/>
      <word id="20" form="καὶ" lemma="καί" postag="c--------" relation="AuxY" head="23"/>
      <word id="21" form="τροπώσαντος" lemma="τροπόω" postag="v-sapamg-" relation="ATR" head="23"/>
      <word id="22" form="τοῦτον" lemma="οὗτος" postag="p-s---ma-" relation="OBJ" head="21"/>
      <word id="23" form="καὶ" lemma="καί" postag="c--------" relation="COORD" head="17"/>
      <word id="24" form="καυχωμένου" lemma="καυχάομαι" postag="v-sppemg-" relation="ATR" head="23"/>
      <word id="25" form="," lemma="punc1" postag="u--------" relation="AuxX" head="0"/>
      <word id="26" form="ὡς" lemma="ὡς" postag="c--------" relation="AuxC" head="24"/>
      <word id="27" form="ὄντος" lemma="εἰμί" postag="v-sppamg-" relation="OBJ" head="26"/>
      <word id="28" form="νικηφόρου" lemma="νικηφόρος" postag="a-s---mg-" relation="PNOM" head="27"/>
      <word id="29" form="." lemma="punc1" postag="u--------" relation="AuxK" head="0"/>
   </sentence>
   <sentence id="6"
             document_id="urn:cts:greekLit:tlg0096.tlg002.First1K-grc1"
             subdoc="21c"
             span="">
      <word id="1" form="Ὁ" lemma="ὁ" postag="l-s---mn-" relation="ATR" head="2"/>
      <word id="2" form="λόγος" lemma="λόγος" postag="n-s---mn-" relation="SBJ" head="8"/>
      <word id="3" form="πρὸς" lemma="πρός" postag="r--------" relation="AuxP" head="7"/>
      <word id="4" form="ἄνδρας" lemma="ἀνήρ" postag="n-p---ma-" relation="ATR" head="3"/>
      <word id="5" form="θεομάχους" lemma="θεόμαχος" postag="a-p---ma-" relation="ATR" head="4"/>
      <word id="6" form="." lemma="punc1" postag="u--------" relation="AuxK" head="0"/>
      <word id="7" insertion_id="0005e" artificial="elliptic" relation="PNOM" form="εὔκαιρός" lemma="εὔκαιρος" postag="a-s---mn-" head="8"/>
      <word id="8" insertion_id="0005f" artificial="elliptic" relation="PRED" form="ἐστιν" lemma="εἰμί" postag="v3spia---" head="0"/>
   </sentence>
</treebank>
